UID,Prediction
1.8440452718145585e+18,DECLINED
1.8403490978237788e+18,DECLINED
1.4881026133622943e+18,DECLINED
5.555299239428746e+17,APPROVED
1.0102130704861509e+18,DECLINED
1.370869366423076e+18,APPROVED
3.303766651497016e+17,DECLINED
1.9279552995751526e+18,APPROVED
1.1590470425460434e+18,DECLINED
1.554054683645374e+18,DECLINED
1.6768527732762401e+18,APPROVED
1.335872516146736e+18,DECLINED
1.1081367570192773e+18,DECLINED
3.7773005946457395e+17,DECLINED
1.0230434636174538e+18,DECLINED
1.3303004386692234e+18,APPROVED
6.162029013591009e+17,DECLINED
1.7199696900617073e+18,DECLINED
3.8642983818014054e+17,APPROVED
1.6350357373549107e+17,DECLINED
5.890023677532598e+17,DECLINED
1.6241592021628255e+18,DECLINED
1.1997661966253645e+18,DECLINED
1.7649594408297812e+18,DECLINED
2.0522686858395612e+18,DECLINED
4.9156267803408e+17,DECLINED
2.4640784219658368e+17,DECLINED
1.876328185836784e+18,APPROVED
1.7461964530533906e+18,APPROVED
1.8816519893219151e+18,APPROVED
3.3849128456982195e+17,DECLINED
2.170815315848952e+18,DECLINED
2.038568716979399e+18,DECLINED
3.607280883991268e+17,APPROVED
2.2168834871423598e+18,DECLINED
4.190178197647667e+16,APPROVED
6.869053292404152e+17,APPROVED
6.772711864886697e+17,DECLINED
1.3476188369181307e+18,DECLINED
2.7723718162208563e+17,DECLINED
7.609502934971136e+17,APPROVED
1.7933323936800353e+18,DECLINED
3.783007772260621e+17,APPROVED
1.4974873875354657e+18,DECLINED
1.3610518718229514e+18,APPROVED
3.3897675932087014e+17,DECLINED
9.131592172805873e+17,APPROVED
9.775591782959199e+17,APPROVED
4523455718847744.0,DECLINED
7.554186125428444e+17,APPROVED
2.148415844853341e+18,DECLINED
2.2761143181326764e+18,DECLINED
1.3646648500915013e+18,DECLINED
1.301317828494921e+18,APPROVED
2.1659020750552087e+18,DECLINED
1.9645045781099832e+18,DECLINED
9.689682714275405e+17,DECLINED
6.436879028561582e+17,APPROVED
8.805120705608645e+17,DECLINED
3.6354109016401536e+17,DECLINED
1.147624798364393e+18,DECLINED
1.0845565501713446e+18,DECLINED
6.309816804824369e+17,DECLINED
7.505889681043973e+17,APPROVED
7.533161515203564e+17,DECLINED
6.514012912820621e+17,DECLINED
4.828328655367885e+16,APPROVED
1.0410476376359782e+17,DECLINED
1.0220065554108518e+18,DECLINED
1.667960557485808e+18,DECLINED
2.8146502403380378e+17,DECLINED
4.6662320483531776e+17,DECLINED
1.6678903197122875e+18,DECLINED
3.551877026009536e+17,DECLINED
7.20109786909335e+16,DECLINED
7.30177810921623e+16,APPROVED
1.983657415382335e+18,APPROVED
1.8030454758087857e+18,DECLINED
1.5427874742761472e+18,DECLINED
1.5851891824427356e+18,DECLINED
2.8315853431432627e+17,DECLINED
7.769581068232573e+17,DECLINED
1.5457361424557253e+18,DECLINED
6.901043104135032e+17,DECLINED
1.0236486231330104e+18,APPROVED
1.0594197074696581e+18,DECLINED
1.723703057529723e+17,DECLINED
1.6259601829773617e+18,DECLINED
5.089454227648502e+17,DECLINED
1.2927327149293504e+18,DECLINED
1.5684014406551698e+18,DECLINED
1.789825925133253e+17,APPROVED
1.654524205726731e+18,DECLINED
2.6752882340386458e+17,DECLINED
1.968202245182249e+18,APPROVED
1.2115622134839503e+18,DECLINED
7.96382536553303e+16,DECLINED
2.1515757820202844e+18,DECLINED
4.769616242167488e+17,APPROVED
2.603493875217367e+17,APPROVED
5.81501539872343e+17,DECLINED
9.935034614422044e+17,APPROVED
1.0272487431767644e+18,DECLINED
1.6513731105519974e+17,DECLINED
3533345089417984.0,DECLINED
2.21915869064318e+18,APPROVED
1.6228847333065477e+18,DECLINED
9.462826490138542e+17,APPROVED
1.1291733916862725e+18,DECLINED
1.7330013646049367e+18,DECLINED
1.6957709764189402e+18,DECLINED
1.0532502174023857e+18,APPROVED
1.2353094519003036e+18,APPROVED
1.1060433967851551e+18,DECLINED
5.366479262890911e+17,APPROVED
1.6551938447866598e+18,DECLINED
7.052493303734554e+16,DECLINED
1.7489469719416873e+18,DECLINED
1.862347666124983e+18,DECLINED
2.1664591554353344e+18,DECLINED
2.0452136142854193e+18,DECLINED
2.32521676943733e+17,DECLINED
9.981209337444237e+17,DECLINED
1.7367960696556902e+17,DECLINED
1.939789208128169e+17,DECLINED
2.1883842592230794e+18,DECLINED
4.947490616662638e+17,APPROVED
9.244698244232287e+17,DECLINED
1.2057896459001e+18,DECLINED
1.0173004872205934e+18,DECLINED
2.0061385865161313e+18,DECLINED
1.504515443317918e+18,DECLINED
1.3127584491102715e+18,DECLINED
1.8536654878335383e+18,DECLINED
8.319434506863058e+17,DECLINED
4.230584409922742e+17,DECLINED
1.8452501685859738e+17,DECLINED
4.943945389668828e+17,DECLINED
1.0607383610831552e+18,DECLINED
1.4853542317862948e+18,DECLINED
2.777802665000397e+16,DECLINED
7.335954455122327e+17,DECLINED
1.0098105570050563e+18,DECLINED
9.806107277290657e+17,DECLINED
1.4259860049041608e+18,DECLINED
1.2990807181850504e+18,DECLINED
7.906591295864507e+17,DECLINED
1.517548316900963e+18,DECLINED
1.5667447637238072e+18,DECLINED
8.078573311593295e+17,DECLINED
2.2999825620632202e+18,DECLINED
1.6824662545652413e+18,DECLINED
2.6281825368975795e+17,APPROVED
1.8287111101493315e+18,DECLINED
2.2250422567252815e+18,DECLINED
6.225289562621829e+17,DECLINED
5.916562779784294e+16,DECLINED
4.97438250372428e+17,DECLINED
5.431472876278597e+17,DECLINED
1.70652271716947e+18,DECLINED
1.5429150903277967e+18,APPROVED
1.7027864680349788e+18,DECLINED
1.8528046173761544e+18,DECLINED
2.185254218565037e+18,DECLINED
6.614759454073805e+17,DECLINED
6.991307753144466e+17,DECLINED
1.0943197023266478e+18,APPROVED
8.231677231927373e+16,DECLINED
1.257631472934506e+18,APPROVED
9.600050474611661e+17,DECLINED
2.1280277645154783e+18,DECLINED
1.498964858558017e+18,DECLINED
1.91540989313963e+18,DECLINED
1.8666865505668675e+18,DECLINED
2.0320322528658893e+17,DECLINED
1.0792243741183654e+18,DECLINED
3.524950403705503e+17,DECLINED
4.912825152007772e+17,DECLINED
6.861674393184609e+17,DECLINED
1.128772991562474e+18,APPROVED
1.7302283985801295e+18,DECLINED
1.9684270980616177e+18,DECLINED
1.1037051317402596e+18,DECLINED
6.441682234792397e+16,DECLINED
2.2178858332317745e+18,DECLINED
2.1672506368610048e+18,DECLINED
2.2422757708009523e+18,APPROVED
2.2661263344071416e+18,DECLINED
1.9787427903690895e+18,DECLINED
1.542987150723255e+18,DECLINED
2.2208268407504689e+18,DECLINED
1.5415062115103475e+18,DECLINED
6.34287763109782e+17,DECLINED
4.5574727231412096e+17,DECLINED
6.589272482282716e+17,DECLINED
1.4584076824622943e+18,DECLINED
1.1365110267893857e+18,DECLINED
3.6949452115263206e+17,DECLINED
8.115543508240502e+17,APPROVED
8.759119373195738e+17,DECLINED
9.85703639316661e+17,DECLINED
1.5465986973646533e+18,DECLINED
1.071931400896085e+18,DECLINED
8.597900298095875e+17,DECLINED
1.1017292332749366e+18,DECLINED
7.10996461688831e+17,APPROVED
1.8083344883699592e+18,DECLINED
7.62671918623598e+16,DECLINED
6.552596503203789e+16,DECLINED
4694017504147968.0,DECLINED
1.9238861807802263e+18,DECLINED
1.1971458608188948e+18,DECLINED
9.741642143657492e+17,APPROVED
2.1120975261283587e+18,APPROVED
1.1088575539228436e+18,DECLINED
1.9960469246554793e+18,APPROVED
1.7744571634153454e+18,APPROVED
7.99369436986838e+17,DECLINED
2.3863202444431258e+17,DECLINED
1.8058053753377375e+18,DECLINED
6.954394680806989e+17,DECLINED
1.3661525142804992e+18,DECLINED
1.2361853299676833e+18,DECLINED
1.0921178321141699e+18,DECLINED
3.596685604182492e+17,DECLINED
1.0954715097720594e+18,DECLINED
2.067569398411366e+18,DECLINED
9.237273814472886e+17,DECLINED
8.448519990172424e+17,DECLINED
2.7170932995113805e+17,APPROVED
1.0217357423948009e+18,APPROVED
1.7807118005234004e+18,DECLINED
1.7609793766397606e+18,DECLINED
1.692057528816558e+18,DECLINED
9.796650085664289e+17,DECLINED
1.9567073414610596e+18,DECLINED
1.3955894359046228e+18,DECLINED
1.5371182470060475e+18,DECLINED
3.4669653152107264e+17,DECLINED
1.1303065593980675e+18,APPROVED
1.8751374868047101e+18,DECLINED
2.2250715688559885e+18,DECLINED
4.81137149990092e+17,DECLINED
1.767384823595433e+17,DECLINED
1.091996596998465e+18,DECLINED
1575762982696960.0,DECLINED
8.679148818085174e+17,DECLINED
2.2636092462668685e+18,DECLINED
1.1623455035969495e+18,DECLINED
9.731124496222648e+17,DECLINED
1.0472452502745421e+18,DECLINED
3.896894574398697e+17,DECLINED
9.32553609223981e+17,DECLINED
1.427276089833426e+17,APPROVED
2.984373447453115e+17,DECLINED
1.4437537638866888e+18,APPROVED
3.833655314202181e+17,DECLINED
5.782042890928927e+17,DECLINED
1.9180519991120108e+18,DECLINED
1.3394960447701996e+18,DECLINED
1.9713204135433106e+18,DECLINED
9.601976646328786e+17,DECLINED
4.694341302153797e+17,DECLINED
1.3723274100675226e+17,DECLINED
1.3105721892143875e+18,DECLINED
1.5904598454717865e+18,DECLINED
1.6787064793182973e+18,APPROVED
1.5835393256131886e+18,APPROVED
8.957138876999153e+17,DECLINED
5.128970937554954e+17,DECLINED
4.202485698716442e+16,DECLINED
3.079873464401011e+17,DECLINED
6.001082006239273e+17,DECLINED
1.2832910815392689e+18,DECLINED
1.4500993756028152e+18,DECLINED
1.4505223117072256e+18,DECLINED
9.33406332501299e+17,DECLINED
1.332876640610478e+17,DECLINED
1.537696291980765e+18,DECLINED
2.6786268082574234e+17,APPROVED
1.1618082874950866e+18,DECLINED
3.897235773764961e+17,APPROVED
1.0259679981546555e+18,DECLINED
6.907118057346739e+17,DECLINED
2.156857220096544e+18,DECLINED
9.581519730086566e+17,APPROVED
1.0567854670420741e+18,DECLINED
1.747342955615616e+18,APPROVED
9.413730913662968e+17,DECLINED
4.913434224174195e+17,DECLINED
1.2366987868307484e+18,DECLINED
9.791256180945743e+17,DECLINED
1.7950768741953605e+18,DECLINED
1.5138559541668186e+18,DECLINED
1.2821345225031135e+18,DECLINED
1.9735329563957105e+18,DECLINED
7.756443179909164e+17,DECLINED
1.3584540520883935e+18,DECLINED
1.705862605736118e+18,DECLINED
2.278795115589266e+17,DECLINED
1.4710035308588675e+18,DECLINED
7.045976559256865e+17,DECLINED
1.0431837444500667e+18,DECLINED
1.6465031727109914e+17,DECLINED
7.148942753665236e+17,DECLINED
4.817093940473692e+17,DECLINED
1.274877409512055e+18,DECLINED
1.335707883715251e+18,DECLINED
7.47155017033112e+17,APPROVED
1.056389670378464e+18,DECLINED
6.339172475583002e+16,DECLINED
1.5457609320506568e+18,APPROVED
2.849115823155917e+16,DECLINED
550394327296.0,DECLINED
1.6974325212717164e+18,APPROVED
8.78050655017897e+16,DECLINED
1.9486042196973896e+18,DECLINED
1.3277906780958208e+17,APPROVED
1.8147888728866995e+18,DECLINED
4.7756630191252736e+17,APPROVED
1.3258779446517197e+18,DECLINED
1.3229833599410204e+18,DECLINED
1.9705579787309425e+18,DECLINED
2.1535032117594854e+18,DECLINED
1.9890800353207844e+18,DECLINED
3.371415315123443e+17,DECLINED
1.7010778017826688e+18,DECLINED
1.754217130814167e+17,DECLINED
8.310854257447534e+17,DECLINED
1.5336061897583624e+18,DECLINED
3.5824004582040294e+17,DECLINED
2.2515753767643942e+18,DECLINED
1.1462637210234527e+18,APPROVED
2.1961016460317501e+18,APPROVED
3.165360860509645e+16,DECLINED
1.0248503879049065e+18,DECLINED
1.9448781188473062e+18,DECLINED
1.969288082010274e+18,DECLINED
5.2962908424001434e+17,DECLINED
4.8186911195284326e+17,APPROVED
2.9054324151623654e+17,DECLINED
1.6420933411275003e+18,DECLINED
1.7432068170411448e+18,DECLINED
6.097717844257505e+17,DECLINED
1.7418715211431078e+18,APPROVED
6.804148537980032e+16,DECLINED
2.0470018993307707e+18,APPROVED
1.0547453338045957e+18,DECLINED
1.2126345825800768e+18,DECLINED
6.211420236346522e+17,DECLINED
1.4630054000996326e+17,APPROVED
1.1562937131364403e+17,DECLINED
3.6918268236991846e+17,DECLINED
8.330389786416e+16,DECLINED
4.87326095745812e+17,DECLINED
1.5653105531001472e+18,APPROVED
4.730351880457498e+16,DECLINED
1.0862171497949396e+18,DECLINED
7.451512033736852e+17,DECLINED
1.0569132889114522e+18,DECLINED
9.517442965145178e+17,APPROVED
2.1974580092426624e+17,APPROVED
6.117742078754739e+16,APPROVED
1.2833823516376653e+18,DECLINED
1.268777368982404e+18,DECLINED
4.411636821585262e+17,DECLINED
2.0221976262855654e+18,DECLINED
1.8326125222000827e+18,APPROVED
1.0971093815870298e+18,DECLINED
5.094163046202163e+16,DECLINED
1.2186713922608632e+18,APPROVED
1.1254001950790497e+18,DECLINED
1.148981571467628e+18,DECLINED
9.050454996092088e+17,DECLINED
7.168071410488182e+17,DECLINED
5.885669256893504e+17,DECLINED
7.558567107908833e+17,DECLINED
1.4855393215496e+18,DECLINED
1.9939043188561539e+18,DECLINED
3.185251946435712e+16,APPROVED
2.0106985459358387e+17,DECLINED
1.774151863644612e+18,DECLINED
1.5302638156428526e+18,APPROVED
2.0737696976034842e+18,DECLINED
3.5763121849989376e+17,DECLINED
8.240525387738232e+17,DECLINED
6.022253177447109e+17,DECLINED
1.208607403358804e+18,DECLINED
1.9158994544169085e+18,DECLINED
6.106789322467415e+17,DECLINED
6.262881750151066e+16,DECLINED
2.0152683019263066e+18,DECLINED
2.1959313599948948e+18,APPROVED
2.151344648141045e+18,DECLINED
2.1332911691132797e+18,DECLINED
4.1054104025050496e+17,APPROVED
2.219935138183708e+18,DECLINED
1.713016084503124e+18,DECLINED
2.6798826506835917e+17,APPROVED
1.7013344067493747e+18,DECLINED
4.862092080564828e+17,DECLINED
5.793354035973501e+17,DECLINED
1.9261623753304993e+18,DECLINED
2.8167429717465472e+17,DECLINED
5.510552251914624e+17,APPROVED
2.063448227548717e+18,DECLINED
3.470934819285573e+17,DECLINED
1.087167119986722e+18,DECLINED
1.877754039048887e+18,DECLINED
8.196244861973952e+17,DECLINED
1.4161058560333594e+17,DECLINED
1.4825071965008973e+17,APPROVED
1.0385849840448141e+18,DECLINED
2.2952313784354721e+18,DECLINED
2.984590015024033e+17,DECLINED
1.9542011167556557e+18,DECLINED
1.9857230888763392e+18,DECLINED
1.477143826387968e+16,DECLINED
2.101726116481195e+18,APPROVED
1.2900067199485317e+18,DECLINED
1.6215868419053046e+18,DECLINED
3.4523667884988646e+17,DECLINED
1.0418639203915233e+18,DECLINED
1.6022361943844785e+18,APPROVED
2.1228110405029722e+18,DECLINED
1.7303298439607168e+18,DECLINED
8.417891702992279e+17,DECLINED
2.1499755192716682e+18,DECLINED
1.4973008849615073e+18,APPROVED
3.740194490517691e+17,DECLINED
2.245187822733203e+18,DECLINED
1.822141692483259e+18,DECLINED
2.0592786191269148e+18,DECLINED
1.49813997918102e+17,DECLINED
1.5125072085363917e+17,APPROVED
2.174573522325406e+18,DECLINED
1.892601197776201e+18,DECLINED
1.0887727575144197e+18,DECLINED
1.7847271968649395e+17,DECLINED
7.421657061312497e+17,DECLINED
7.064262099017446e+16,DECLINED
1.3511638981352986e+17,DECLINED
1.8905766746905736e+18,APPROVED
1.0381321919823588e+18,DECLINED
6.750918838355909e+17,APPROVED
1.3570276640238474e+18,DECLINED
5.46285683473174e+17,APPROVED
6.341119394243704e+17,DECLINED
1.1263438003387645e+18,DECLINED
1.0862377026754726e+18,DECLINED
6.902995851649912e+17,APPROVED
9.683581562432428e+17,DECLINED
6.228458893775107e+17,DECLINED
1.2832405706042066e+18,DECLINED
1.189069045073675e+18,DECLINED
1.0464099096839854e+18,DECLINED
1.183563111043195e+18,DECLINED
4.1849207985729254e+17,DECLINED
6.929480304815163e+17,APPROVED
2.0046550869584873e+18,DECLINED
1.3200435810998904e+18,APPROVED
2.1144906053388826e+17,DECLINED
1.4021098817779658e+18,DECLINED
1.2569064673678991e+18,DECLINED
1.9661651923616768e+17,DECLINED
1.1832943363811735e+18,APPROVED
1.0464038609350205e+18,DECLINED
1.470707954426021e+18,APPROVED
5.2724087355625395e+17,DECLINED
2.0738533539649372e+18,DECLINED
1.1508314295569644e+18,DECLINED
3.240095146150953e+17,DECLINED
1.9667864056933686e+18,APPROVED
1.4819627061055334e+17,DECLINED
2.0567036183096115e+18,DECLINED
9.005732057558566e+17,APPROVED
3.552331783554368e+17,DECLINED
1.7425547160221563e+18,DECLINED
4.563729914955553e+17,DECLINED
4.314732455232822e+17,APPROVED
1.287026717930931e+18,DECLINED
1.3634335500281203e+18,APPROVED
3.442436677482916e+17,DECLINED
1.685522838290689e+18,DECLINED
2.903288793742021e+17,APPROVED
2.0795601252997555e+18,DECLINED
1.03615054270731e+17,DECLINED
1.9733865778423037e+18,DECLINED
2.257434424903768e+18,DECLINED
1.2257434660989796e+18,DECLINED
2.0426688991204823e+18,DECLINED
8.894673864262441e+17,DECLINED
1.8750607236851553e+18,DECLINED
1.531981801323891e+18,DECLINED
2.0853812242204393e+18,DECLINED
2.1230161039493588e+18,DECLINED
1.978796066671473e+18,APPROVED
1.8399355527819356e+18,DECLINED
1.191962373454538e+18,DECLINED
6.501331854143114e+17,DECLINED
1.1329341848646374e+18,DECLINED
1.377370936081381e+18,DECLINED
1.2730260381278958e+18,APPROVED
7.68879596787113e+17,DECLINED
1.4180899607455803e+18,APPROVED
1.96752903014501e+18,DECLINED
1.8206807425413555e+17,DECLINED
1.5744330720533007e+18,DECLINED
7.441901937687401e+17,APPROVED
1.8392590697525898e+18,DECLINED
6.852374718304701e+17,DECLINED
1.5858009581499233e+18,DECLINED
9.913490902544955e+17,DECLINED
4.7439591149402854e+17,DECLINED
1.926099050255186e+17,DECLINED
9.994872435672394e+17,DECLINED
1.3649340669082076e+18,DECLINED
1.715913535985953e+18,DECLINED
1.715012058307232e+18,DECLINED
3.631786609241183e+17,DECLINED
1.8027515763221036e+18,DECLINED
4.287773637980659e+17,DECLINED
9.292696867202253e+17,DECLINED
9.571271705146575e+17,DECLINED
3.4234913824933914e+17,APPROVED
1.1678635577005568e+18,DECLINED
5.3927825963704704e+17,APPROVED
7.236339527643999e+17,DECLINED
5.030324670296627e+16,DECLINED
2.303354286849803e+18,DECLINED
8.504123781309087e+17,APPROVED
8.691010783610893e+17,DECLINED
1.357337944514902e+18,DECLINED
2.127760288598098e+17,DECLINED
1.5282792334076326e+18,APPROVED
8.916823660446231e+17,DECLINED
1.3297440716976197e+18,DECLINED
8.973951861385498e+16,APPROVED
1.628094089759316e+18,DECLINED
1.799824134231566e+18,DECLINED
4.887668833454797e+17,DECLINED
2.09818312074121e+18,DECLINED
2.0764345173061366e+18,DECLINED
9.708530458834716e+17,DECLINED
7.354447906697946e+17,DECLINED
2.7175423601305293e+17,DECLINED
1.8067787257419346e+18,DECLINED
8.274758916497464e+17,DECLINED
1.5144212071859e+18,DECLINED
1.011843172438664e+18,DECLINED
2.1987808413176576e+18,APPROVED
1.2590496239058394e+18,DECLINED
1.6370391109589325e+18,DECLINED
8.038248170340475e+17,DECLINED
6.6248669611168e+16,DECLINED
1.7505674732802703e+18,APPROVED
2.9108531422598835e+17,DECLINED
8.929424327382136e+17,DECLINED
2.1601387308945723e+18,DECLINED
2.0479619975514168e+18,DECLINED
6.50087070813941e+17,APPROVED
1.5162614449720481e+18,DECLINED
9.829275423786237e+17,DECLINED
1.2590002390563502e+18,DECLINED
8.433263117212104e+17,DECLINED
1.2420520027215117e+18,DECLINED
1.6025460184282365e+18,DECLINED
8.278665206903201e+17,DECLINED
1.0637369266535224e+18,APPROVED
1.537307743678131e+18,DECLINED
1.6034889384293852e+18,DECLINED
4870608815242240.0,DECLINED
5.1074079372112205e+17,DECLINED
8.622695752181796e+17,DECLINED
2.712812544937728e+16,DECLINED
1.2728291931016573e+18,APPROVED
1.0419466374798423e+18,DECLINED
2.2953624718419464e+18,DECLINED
2.5718608543574502e+17,APPROVED
2.085848677711176e+18,DECLINED
1.4125843481454523e+18,DECLINED
4687778214534400.0,APPROVED
1.9244883151398738e+18,DECLINED
4.3553593806132275e+17,DECLINED
1.6367971728345577e+18,APPROVED
5.876537154970688e+17,APPROVED
4.471618190308211e+17,DECLINED
2.008984631425581e+18,DECLINED
1.359565485178119e+18,DECLINED
8.448666217946624e+17,DECLINED
1.372793012503213e+18,APPROVED
2.1123818566267692e+18,DECLINED
2.0463915333145498e+17,DECLINED
9.054128250490045e+17,DECLINED
6.758789648257846e+17,DECLINED
9.884593681833882e+16,DECLINED
7.691571341425715e+16,DECLINED
9.946270165913516e+17,DECLINED
6.371766502115077e+17,DECLINED
1.0031984990464625e+18,APPROVED
6.915019047133514e+17,DECLINED
1.6663986801735037e+18,APPROVED
2.2058948804888591e+18,APPROVED
7.954829148129925e+17,DECLINED
2.2822659121682268e+18,DECLINED
9.644745862551007e+17,APPROVED
8.365299148649398e+17,DECLINED
8.351940029368589e+17,DECLINED
1.5314472487191936e+17,DECLINED
7.64423939165336e+17,DECLINED
1.8627359769018642e+18,DECLINED
1.779093387551922e+18,APPROVED
1.1740351534044224e+18,DECLINED
9.857738477604278e+17,DECLINED
1.0438419202285903e+18,APPROVED
4.975848194112215e+17,DECLINED
1.7985542956343473e+18,APPROVED
1.529158110558703e+18,DECLINED
4.599546648295534e+17,DECLINED
4.530381302789084e+17,DECLINED
1.9368135296040934e+17,APPROVED
1.2186856113411901e+18,DECLINED
1.1169663302794176e+18,DECLINED
1.9885836327846707e+18,DECLINED
1.7897847651141332e+18,DECLINED
1.1143591029796513e+18,DECLINED
1.6244533553256986e+17,DECLINED
6.908539445407155e+17,DECLINED
1.9273560529909916e+18,DECLINED
1.3991586736510828e+18,DECLINED
6.598144606735383e+17,APPROVED
2.245080812320179e+18,DECLINED
1.1458042811405486e+18,DECLINED
3.443574479608507e+17,DECLINED
1.846297118281333e+18,APPROVED
6.4195022823088e+17,DECLINED
1.737084883383341e+18,APPROVED
1.667573730879257e+18,DECLINED
1.5628243435345836e+18,DECLINED
9.197154922838272e+16,DECLINED
2.8605912511615565e+17,DECLINED
2.0701680345865907e+18,DECLINED
1.9690210987429873e+18,DECLINED
8.589499571750093e+17,DECLINED
1.0033535856049446e+18,DECLINED
8.875452384999352e+17,DECLINED
7.750430547493404e+17,DECLINED
3.7429203049556224e+17,DECLINED
1.8881543949560026e+18,APPROVED
6.421694562430049e+17,DECLINED
1.6373693680678922e+18,APPROVED
1.7150715856890342e+18,DECLINED
5.578244633873613e+16,DECLINED
2.2758231948260503e+18,DECLINED
1.9872151470607923e+17,DECLINED
4.26535468067937e+17,DECLINED
1.0767979183249418e+18,DECLINED
1.5420944555572577e+18,DECLINED
1.2222887945520988e+18,APPROVED
1.001736662658018e+18,DECLINED
1.6519535007793613e+18,DECLINED
5.813665805182459e+17,APPROVED
6.160962580234988e+17,DECLINED
1.3678837043618427e+18,DECLINED
3.599084196392072e+17,DECLINED
1.0871321856037862e+17,DECLINED
1.4644519102646175e+18,DECLINED
4.487255238176154e+16,DECLINED
1.2483255907161492e+18,DECLINED
1.7910735149649172e+18,DECLINED
1.0806810227273741e+18,DECLINED
1.837015160026921e+18,DECLINED
1.0314706983963817e+18,DECLINED
9.760928767432668e+17,DECLINED
2.10896645989902e+18,DECLINED
1.8982559507917668e+18,APPROVED
1.2042992492174106e+17,DECLINED
1.332289963589067e+18,DECLINED
1.4052868864775393e+18,DECLINED
1.8367218269058266e+18,DECLINED
1.6772158509454564e+18,APPROVED
2.2427565125758515e+17,APPROVED
1.0796514635467052e+18,DECLINED
1.498463592466398e+18,DECLINED
3.0839864580882995e+17,APPROVED
9.471441015108385e+17,DECLINED
9.968301071688812e+17,DECLINED
1.9303764414949837e+17,DECLINED
8657228430574080.0,APPROVED
1.5731668885107546e+18,DECLINED
2.037317814172489e+18,APPROVED
8.02581774448147e+17,DECLINED
7.458126683246807e+17,APPROVED
1.7135061637795057e+18,DECLINED
3.649906376518605e+17,APPROVED
1.4237502999211412e+18,DECLINED
1.0651116472068388e+18,APPROVED
2.9246979642354304e+17,DECLINED
1.9503354186029217e+18,APPROVED
2.917017636544292e+17,APPROVED
6.960998317481298e+17,DECLINED
1.9757657901001393e+18,APPROVED
2.149047050478911e+18,APPROVED
9.91280789317304e+17,DECLINED
1.149652895225803e+18,DECLINED
4.398448424549788e+17,DECLINED
1.9453507373300728e+18,DECLINED
1.8759009482921334e+18,DECLINED
1.5796159347599178e+18,DECLINED
1.1419070459802314e+18,DECLINED
1.2554618855497728e+17,DECLINED
1.0575008698235249e+18,DECLINED
5.1881809209719936e+17,DECLINED
1.8180605578966395e+18,DECLINED
2.4523614566656973e+17,DECLINED
1.726784430174349e+18,DECLINED
1.177844740590217e+18,DECLINED
1.7034721351740047e+18,APPROVED
4.340013282736205e+17,DECLINED
2.2941240091467853e+18,DECLINED
6.6477085301137e+17,DECLINED
3.720371611664842e+17,DECLINED
5.7040488182856064e+17,DECLINED
9.85898230593399e+17,APPROVED
8.861670833197363e+16,DECLINED
7.276440213232077e+17,DECLINED
1.921859950886708e+18,DECLINED
1.2906375296694118e+18,DECLINED
2.2469993922301107e+17,DECLINED
3.1034216788333824e+17,DECLINED
2.7552746190908928e+17,DECLINED
1.2057083545262057e+18,DECLINED
7.009905778915604e+17,DECLINED
1.9270000004491725e+17,APPROVED
1.9620059871528822e+18,APPROVED
1.4855037966345114e+17,APPROVED
2.063494342236361e+18,DECLINED
1.1001714310104486e+18,APPROVED
1.171902618236695e+18,APPROVED
1.6401526496083866e+17,APPROVED
1.8100889669069071e+18,APPROVED
1.9164801000820188e+18,DECLINED
1.8692964327651576e+18,DECLINED
2.2461893082197455e+18,DECLINED
1.3308351091907917e+17,APPROVED
8.608646683563922e+17,DECLINED
3.232097294993503e+17,DECLINED
1.941837377970787e+18,DECLINED
2.3665007471335296e+17,DECLINED
1.8745413859567916e+18,DECLINED
9.579106134700436e+17,APPROVED
2.23738479001888e+17,DECLINED
4.567205407012449e+17,DECLINED
5.759990039609472e+16,DECLINED
1.4719276929273498e+18,DECLINED
1.307095228018893e+18,DECLINED
6.070707038122655e+17,DECLINED
9.193662397802752e+17,DECLINED
1.988194410618382e+18,DECLINED
8.053469166369044e+17,DECLINED
1.7676843613972582e+17,APPROVED
1.6651504049278198e+18,DECLINED
1.3821324732251208e+18,DECLINED
2.8243056194319488e+17,APPROVED
3.098461642864737e+17,DECLINED
1.0320504779164841e+18,DECLINED
6.220868530209434e+16,DECLINED
1.5679569994506163e+17,DECLINED
4.370173613638477e+17,DECLINED
1.9473392109259087e+18,APPROVED
1.742899323889282e+18,DECLINED
6.293671633289457e+17,DECLINED
6.655943880491525e+17,DECLINED
9.365408807595699e+17,APPROVED
2.2939528269801702e+18,DECLINED
1.8634704986427318e+18,DECLINED
1.383835249319162e+18,APPROVED
2.2138505397122565e+18,APPROVED
4.94181745260257e+17,DECLINED
1.1204519713908045e+18,APPROVED
6.974862659749594e+17,DECLINED
1.176864958618129e+18,DECLINED
3.2558408600562176e+17,APPROVED
1.6955292971527227e+18,DECLINED
2.472291902695091e+16,DECLINED
7.511015980163098e+16,DECLINED
8.116519211394547e+17,DECLINED
1.2233339063562097e+18,DECLINED
2.2581822388569108e+18,DECLINED
1.4329560560669704e+18,APPROVED
6.647170645535593e+17,DECLINED
6.654195937918886e+17,DECLINED
6.114332270487265e+17,APPROVED
7.151709422241869e+17,DECLINED
1.600442423144371e+18,DECLINED
9.852834676681928e+17,DECLINED
5.4053063456570496e+17,DECLINED
3.96009076672297e+16,DECLINED
1.228480622995821e+18,DECLINED
1.2600451205803843e+18,DECLINED
1.816138262055176e+18,DECLINED
1.8772156671954596e+18,DECLINED
9.2105541117955e+17,DECLINED
1.1357302723591644e+18,DECLINED
4.774696112041613e+17,DECLINED
1.993673061091922e+18,DECLINED
1.8802286261571668e+18,DECLINED
9.92406172203776e+17,DECLINED
2.1130318359894016e+16,APPROVED
4.467707457528192e+16,DECLINED
2.8447185735092326e+17,DECLINED
7.419566848168072e+17,APPROVED
1.2863846799702016e+16,DECLINED
1.9408786283389908e+18,DECLINED
1.7180370801284058e+18,DECLINED
1.9765694806846746e+17,DECLINED
1.5228050964739162e+18,DECLINED
1.8131975873006377e+18,DECLINED
1.1031691441512136e+18,DECLINED
1.1540633618293417e+18,DECLINED
1.4902668440405563e+18,APPROVED
2.1927034206074824e+18,DECLINED
1.1652308755192876e+18,DECLINED
4.900217330959286e+17,DECLINED
5.970785338812488e+17,DECLINED
1.5196320043136653e+18,DECLINED
5.094406517663424e+17,DECLINED
6.219954630773373e+17,DECLINED
2.716460612092836e+17,DECLINED
5.6469474844954726e+17,DECLINED
2.2270726278009157e+18,DECLINED
1.9330095950572024e+18,DECLINED
1.5321460571294182e+18,DECLINED
7.263931040813335e+17,DECLINED
1.6217504932964813e+17,DECLINED
1.6600550007620544e+18,DECLINED
4.911910974240704e+17,DECLINED
1.9579050082531256e+18,DECLINED
1.1333188650404836e+18,DECLINED
1.7414961907763507e+17,DECLINED
1.854182507662847e+18,DECLINED
4.629121280014784e+17,DECLINED
1.4007630049066007e+18,APPROVED
1.9834992512094566e+17,DECLINED
6.012293865817526e+17,DECLINED
1.754737719755017e+18,APPROVED
1.8714153898800307e+18,DECLINED
1.6401897654324183e+18,DECLINED
2.1554900523169316e+18,DECLINED
5.380815255299807e+17,DECLINED
1.6080845336127255e+18,DECLINED
8.822493571799936e+16,DECLINED
3.387163744354227e+16,APPROVED
1.4869569183489185e+18,DECLINED
1.6700896646800026e+17,APPROVED
3.7753491029926246e+17,APPROVED
2.122822689281026e+18,DECLINED
1.1415896157312346e+18,DECLINED
1.167188546008772e+18,DECLINED
3.6251007354882125e+17,DECLINED
7.318634595501189e+17,APPROVED
1.6039974047242396e+18,APPROVED
1.633335530172708e+18,DECLINED
4.52469086826528e+17,DECLINED
5.469995459244918e+17,DECLINED
1.2921034234163397e+18,DECLINED
1.2767105019046034e+18,DECLINED
1.5879470187554437e+18,DECLINED
2.057952594304404e+18,DECLINED
2.0067943659692828e+18,DECLINED
1.4621135505259471e+18,DECLINED
1.854475374532229e+18,DECLINED
1.3336840705872602e+18,DECLINED
2.272428609681784e+18,DECLINED
4.463574582526861e+17,DECLINED
1.0889760219017001e+18,DECLINED
1.8483149614972012e+18,DECLINED
9.752842565501729e+17,APPROVED
1.1369657957214141e+18,DECLINED
1.0008220195249152e+17,DECLINED
2.249684447689258e+18,DECLINED
2.132433826859597e+16,DECLINED
1.7554212083828982e+18,DECLINED
7.332482822593231e+17,DECLINED
6.576082928275215e+17,DECLINED
1.6296731315188227e+18,DECLINED
2.1153000982999532e+18,DECLINED
2.2024246112381926e+18,DECLINED
1.283532990523758e+18,APPROVED
1.2262840192353587e+18,DECLINED
1.993939761172142e+18,APPROVED
1.8516971274367603e+18,DECLINED
1.6477366245581056e+16,DECLINED
2.1280384520448568e+18,DECLINED
2.0103938305052012e+18,DECLINED
1.439578513736034e+18,APPROVED
1.8316021862726656e+17,DECLINED
5.448132147900767e+17,DECLINED
2.1250935815564163e+18,DECLINED
1.3874738201482266e+17,DECLINED
2.295686427686545e+18,DECLINED
5.301907418737165e+17,APPROVED
2.117122534242547e+18,DECLINED
4.530561687741568e+16,DECLINED
1.8521590008565548e+18,DECLINED
1.6213755485707653e+18,DECLINED
3.338357524180022e+17,DECLINED
1.1056798563253023e+18,DECLINED
5.012563477118195e+17,DECLINED
2.0553160882518748e+18,DECLINED
1.6734901275975654e+18,DECLINED
3.041579445453028e+17,DECLINED
2.2649644586415245e+18,DECLINED
1.7058756717380247e+18,APPROVED
2.137355732099645e+18,DECLINED
7.710782066452383e+17,DECLINED
1.1065748719760865e+18,DECLINED
6.578648125630623e+17,DECLINED
4.546577914761933e+16,DECLINED
4.562455889020475e+17,DECLINED
1.8929719005356956e+18,DECLINED
1.5480377771554056e+18,DECLINED
1.9578452570566308e+18,APPROVED
4.6573085057141786e+17,DECLINED
1.9185050745318735e+18,APPROVED
1.1984720709743813e+18,DECLINED
5.4596562115320806e+17,DECLINED
1.5026907664623828e+18,DECLINED
1.3751007502473577e+18,DECLINED
9.996371617557512e+17,DECLINED
1.9236451250997184e+18,DECLINED
5.18100721837685e+17,DECLINED
2.144408804231847e+18,DECLINED
1.959199135844044e+18,DECLINED
1.8844063615537787e+18,APPROVED
3.6444482265128934e+17,DECLINED
3.3885887991254374e+17,DECLINED
1.9516287570460913e+18,APPROVED
1.761092843571986e+17,APPROVED
1.619465551111544e+18,DECLINED
3.2134727618125005e+17,DECLINED
1.0136308853246477e+18,DECLINED
5.2061754354009574e+17,APPROVED
2.0125593146666609e+18,DECLINED
1.690998113040415e+18,DECLINED
5.958625473681132e+17,DECLINED
1.1047925238264573e+18,DECLINED
4.768798491788746e+17,APPROVED
1.0757176497934789e+18,DECLINED
1.6097624954624684e+18,APPROVED
4.675679887209436e+17,DECLINED
1.6712770973826637e+17,DECLINED
1.9429601577418532e+18,DECLINED
1.4743363890209126e+18,DECLINED
1.3095761153402941e+18,DECLINED
1.4146174012279698e+18,DECLINED
2.5019730898701056e+16,DECLINED
9.422231165325279e+17,APPROVED
9.521255429936271e+17,DECLINED
2.010314005402148e+18,DECLINED
1.3791840806725458e+18,DECLINED
3.028270659349578e+17,DECLINED
8.932315617443087e+17,DECLINED
7.208600234482097e+17,DECLINED
1.7400232991331392e+18,DECLINED
1.7310727186540337e+18,DECLINED
1.8240139192868795e+18,DECLINED
1.0192099453782605e+17,DECLINED
8.191144138580278e+17,DECLINED
1.1859704480094917e+18,DECLINED
2.2393856506057116e+18,DECLINED
8.231901028991862e+17,DECLINED
5.904297510545372e+17,DECLINED
1.5659178969155948e+18,APPROVED
1.4280320075372321e+18,DECLINED
1.207119882373288e+18,APPROVED
1.7082367603458068e+18,DECLINED
1.8131011982984212e+18,DECLINED
1.6781115452806523e+18,APPROVED
1.93623826935734e+17,DECLINED
1.9083727504531425e+18,DECLINED
1.2029934092115182e+18,DECLINED
1.8995245569890767e+18,DECLINED
3.118435071264768e+17,DECLINED
2.1047530836735276e+18,DECLINED
1.8439629340206925e+18,APPROVED
2.2980676796715177e+18,DECLINED
4.347545429366843e+17,DECLINED
2.0067495273905702e+18,DECLINED
6.824419332427561e+17,DECLINED
9.936250572105352e+17,DECLINED
2.010004381465234e+18,DECLINED
3.694917112043561e+17,APPROVED
1.5253244075282972e+18,APPROVED
1.0474745892000691e+17,APPROVED
9.914104614325222e+16,DECLINED
3.4555262885052774e+17,DECLINED
2.2319133723567788e+18,DECLINED
8.572649636531579e+17,DECLINED
1.352013200965437e+18,DECLINED
1.1321771678274806e+18,DECLINED
1.701746897058771e+18,DECLINED
7.710884234962775e+17,DECLINED
1.3840849260526446e+18,APPROVED
9.374906647926226e+17,DECLINED
1.6707203638263798e+18,DECLINED
1.479881522747187e+18,DECLINED
1.0325397827412823e+18,DECLINED
1.649731225184863e+18,DECLINED
1.7352338689561477e+18,APPROVED
6.718226285580844e+17,DECLINED
8.595780340077642e+17,DECLINED
8.99898657756472e+17,DECLINED
1.8720098979651453e+18,DECLINED
2.1337353980815854e+18,APPROVED
2.2465562487767757e+18,DECLINED
4.915369731019917e+17,DECLINED
1.9435739728291543e+18,DECLINED
2.1479062056609946e+18,APPROVED
2.1649238460662246e+18,DECLINED
1.5637218709250557e+18,DECLINED
1.6840733295886582e+18,APPROVED
1.3171596475540915e+17,DECLINED
1.643166171361251e+18,DECLINED
1.2752491270717238e+18,APPROVED
8.67921640948621e+17,APPROVED
1.6468235696931553e+18,DECLINED
8.05767501263211e+17,APPROVED
1.1292259619841306e+17,APPROVED
2.284731222830713e+18,DECLINED
1.0601048640640269e+18,APPROVED
5.0215831139594726e+17,DECLINED
1.845298675054377e+18,DECLINED
5.755753069602936e+17,APPROVED
2.1044697384954826e+18,APPROVED
2.505516264269394e+17,DECLINED
1.7914294943324787e+18,APPROVED
1.6212312477900198e+18,DECLINED
1.91281518002917e+18,DECLINED
3.758098460678907e+17,DECLINED
3.7381863991127014e+17,DECLINED
3.037767022365376e+17,DECLINED
1.274821993469607e+18,DECLINED
2.992027708295324e+17,DECLINED
1.5013481412451164e+18,APPROVED
2.1473226548544154e+17,DECLINED
2.0850605122678912e+18,DECLINED
1.3813912907632863e+18,DECLINED
1.4704020301512335e+18,APPROVED
9.50668979404276e+17,DECLINED
5.3166929441390336e+17,DECLINED
1.4757546041143127e+18,DECLINED
3.9423688933214054e+17,APPROVED
3.393608025289459e+17,DECLINED
7.27795705362442e+17,DECLINED
1.425094239327407e+18,DECLINED
2.4277672196745754e+17,APPROVED
1.7850730507801364e+18,APPROVED
1.3707221925471334e+17,DECLINED
9.125052482693775e+17,DECLINED
5.85002905519744e+16,APPROVED
1.1301689109581627e+18,DECLINED
8.043446887787308e+17,APPROVED
3.622069612733558e+17,DECLINED
1.3151695204727916e+18,DECLINED
4.5287876306299776e+17,DECLINED
4.65055036394858e+17,APPROVED
9.657099712689531e+17,DECLINED
2.238982510165646e+18,DECLINED
1.964444196334329e+18,DECLINED
2.0072562005940787e+18,DECLINED
5.268285836994168e+17,DECLINED
1.5409816907042734e+18,APPROVED
1.3494445220400558e+18,DECLINED
1.1334130960357097e+18,DECLINED
1.291415738950243e+18,DECLINED
5.706500178297313e+17,DECLINED
5.3097578325146906e+17,DECLINED
4.264500140620132e+17,DECLINED
9.33462337723223e+17,DECLINED
1.912272449497684e+18,DECLINED
1.7055428008360689e+18,APPROVED
1.5616458300396946e+18,DECLINED
1.6742303927563213e+17,DECLINED
5.502234322155269e+17,DECLINED
2.0704580830644055e+18,DECLINED
1.5306877096783572e+18,APPROVED
1.558175758479337e+17,DECLINED
1.691481374143417e+18,DECLINED
1.3605826847767178e+18,APPROVED
2.2161338654969551e+18,DECLINED
1.0468463720079928e+18,APPROVED
6.112633490803937e+17,DECLINED
1.9457865591515725e+17,DECLINED
1.598289440411741e+18,DECLINED
1.1271727735035131e+18,DECLINED
2.579390701220037e+17,DECLINED
5.320924811111288e+17,DECLINED
2.1075245682083343e+18,APPROVED
9.736101943751916e+17,DECLINED
8.096712226926428e+17,DECLINED
3.452044847685624e+17,DECLINED
8.85110918769046e+17,DECLINED
7.556096773106473e+17,APPROVED
1.039098749288392e+18,APPROVED
6.044143233261107e+17,DECLINED
1.4511492133084093e+18,DECLINED
1.8687749370655076e+18,DECLINED
9.03073209485206e+17,DECLINED
1.4885787022839547e+18,DECLINED
5.546163877785756e+17,DECLINED
2.26930974760273e+18,DECLINED
8.955781900843095e+17,DECLINED
8.041681938201234e+17,DECLINED
1.7098132906385792e+17,APPROVED
3.0232510083620966e+17,DECLINED
7.691945677054346e+17,DECLINED
1.4187810603071058e+18,DECLINED
4.1017560447932826e+17,APPROVED
1.382933125938829e+18,DECLINED
1.55172541010231e+18,DECLINED
1.0329204219952622e+18,DECLINED
8.785727987205484e+17,APPROVED
1.8005043647523415e+18,DECLINED
1.588968587900063e+18,DECLINED
9.727888258695698e+17,DECLINED
2.0636123170776794e+18,DECLINED
1.269890388127474e+18,DECLINED
2.2358138011348943e+18,DECLINED
6.727146943060877e+17,DECLINED
2.204207392566347e+18,DECLINED
3.117654675844603e+17,DECLINED
3.9515643126855654e+17,DECLINED
3.477216665958433e+17,DECLINED
8.70333422878953e+17,APPROVED
6.427115800610196e+17,DECLINED
3.361650318012388e+17,DECLINED
2.234179083905363e+18,DECLINED
3.788281365427722e+17,DECLINED
1.7622539849878438e+18,APPROVED
2.9995779574134195e+17,DECLINED
1.3511113120915456e+18,DECLINED
1.382569777356185e+18,DECLINED
1.0800354922217487e+18,DECLINED
1594371354888960.0,DECLINED
6.882459454957292e+17,APPROVED
2.0564903673407035e+18,DECLINED
1.9748876672023923e+18,DECLINED
2.2253351204906322e+18,DECLINED
1.7615246871645545e+18,DECLINED
1.7378976631363745e+18,APPROVED
3.093985058441769e+17,DECLINED
3.8287296484049766e+17,DECLINED
2.465314365173742e+17,DECLINED
1.6725897490586263e+18,DECLINED
1.267851731225769e+18,APPROVED
1.5866145531522865e+18,DECLINED
1.6713995058212646e+18,DECLINED
1.9889890459841068e+18,DECLINED
1.4047255508659973e+18,DECLINED
2.2800224069969308e+18,DECLINED
7.762375829196436e+17,DECLINED
1.4776647304223258e+18,DECLINED
5.0999030822224666e+17,DECLINED
1.9984395029094223e+18,DECLINED
1.0153151165055427e+18,DECLINED
1.494638141810465e+18,DECLINED
1.4985898445342653e+18,DECLINED
8.634853031716869e+17,DECLINED
5.416797157435146e+17,DECLINED
8.326738539794755e+17,DECLINED
2.0825578108517417e+18,APPROVED
3.828294774817961e+17,DECLINED
2.163222939573699e+18,DECLINED
1.4018344759860897e+18,DECLINED
3.729277132027592e+17,DECLINED
1.842305563950244e+18,DECLINED
6.340748660093404e+17,DECLINED
1.6104669065735887e+18,DECLINED
4.494391908286899e+17,DECLINED
6.985237569064714e+17,DECLINED
2.91421510504129e+17,DECLINED
3.290985989747018e+17,DECLINED
3.438710521089989e+17,DECLINED
2.334293089729751e+17,DECLINED
2.181535369179731e+18,DECLINED
2.2493780933100303e+18,DECLINED
1.7747329716171999e+18,DECLINED
2.2722555078946217e+18,DECLINED
9.014029340728366e+17,DECLINED
2.1538369164877445e+18,DECLINED
4.3639390687792614e+17,DECLINED
1.7737648766602875e+18,DECLINED
3.065921853249751e+17,DECLINED
1.439626109710781e+18,DECLINED
1.5081978825362196e+18,DECLINED
1.0745394440256502e+18,APPROVED
1.7248771041769375e+18,APPROVED
1.6926927827378148e+18,DECLINED
8.232827696997504e+16,DECLINED
1.3106762220171827e+17,DECLINED
2.2395981455419244e+18,DECLINED
1.4598865189559442e+18,DECLINED
1.0718378921952998e+18,APPROVED
2.1846280396472986e+17,DECLINED
9.175705505431319e+17,DECLINED
4.551005446174579e+17,DECLINED
1.1011298557983639e+18,DECLINED
4.426934131366482e+17,DECLINED
2.2129703089756247e+18,DECLINED
1.849967626461424e+18,DECLINED
1.6675797771980685e+18,DECLINED
9.101423965416261e+17,DECLINED
1.6775807333942835e+17,DECLINED
1.5462437854533563e+18,DECLINED
4.0985966115496115e+17,DECLINED
1.995019802940893e+18,APPROVED
1.9354510361494497e+18,DECLINED
1.6587797519211364e+18,APPROVED
1.575500304739624e+18,DECLINED
9.320774813104612e+17,DECLINED
9.173950168964808e+17,DECLINED
7.388235228167521e+17,APPROVED
2.927119235949048e+17,DECLINED
1.0797320634382771e+18,DECLINED
2.1278468003217475e+18,APPROVED
6.428561922392333e+17,DECLINED
1.5859136734876575e+18,DECLINED
3.7212631207502925e+17,DECLINED
1.9985828945781468e+18,DECLINED
3.128771414649976e+17,APPROVED
1.441726147904366e+17,DECLINED
1.707840539333535e+18,DECLINED
2.1911004523075948e+18,DECLINED
1.6045586635144018e+18,DECLINED
7.034701543846067e+17,APPROVED
1.0334161379891156e+18,DECLINED
1.871530033077022e+18,DECLINED
1.0426799056626127e+18,DECLINED
8.03623457377782e+17,DECLINED
1.9697073745147617e+18,DECLINED
4.654962806920123e+17,DECLINED
7.053806842871432e+17,DECLINED
1.812110832172143e+18,DECLINED
1.8816509998524188e+18,DECLINED
1.2098142408821192e+18,DECLINED
2.0286581371359212e+18,DECLINED
1.7533261732433825e+18,DECLINED
1.938554210953378e+18,DECLINED
1.3824856667904686e+18,APPROVED
1.4139993736494833e+18,DECLINED
1.3443748739534106e+18,DECLINED
1.915013181804224e+18,DECLINED
1.0319029255380009e+18,DECLINED
9.367070648081969e+17,DECLINED
1.8938920160492956e+18,DECLINED
1.0610495891594637e+18,DECLINED
3.3194206032348826e+17,DECLINED
1.738663455786285e+18,DECLINED
9.555488038142979e+17,DECLINED
4.9111241035713536e+17,DECLINED
1.7144979277709601e+18,APPROVED
6.517517711577172e+17,DECLINED
4.219016233174886e+16,DECLINED
1.749754447388296e+18,DECLINED
1.1957075360004531e+17,DECLINED
1.2027052716764851e+17,DECLINED
1.7614415819942367e+18,DECLINED
1.667173989275753e+17,APPROVED
2.9811393650243456e+17,DECLINED
7.476334861202732e+17,DECLINED
9.233832634291172e+17,APPROVED
1.1384590318160855e+18,DECLINED
1.8938716275447357e+18,DECLINED
1.123875638862154e+18,DECLINED
4.701129491909619e+17,DECLINED
1.7019565727029888e+17,APPROVED
2.2140827054193244e+18,DECLINED
1.0768688704185518e+18,DECLINED
1.485188261644091e+18,DECLINED
6.645749535809216e+17,DECLINED
1.740717221207698e+18,DECLINED
2.118970516400076e+18,DECLINED
1.6814981785407665e+18,APPROVED
1.6262959460236344e+18,DECLINED
1.2382294865774528e+18,DECLINED
6.706243246092782e+17,DECLINED
2.220425259144053e+18,APPROVED
1.9177696427880346e+18,APPROVED
1.34936959785128e+18,DECLINED
9.23083847996974e+16,DECLINED
1.1400501954664704e+16,DECLINED
1.9041562869207813e+18,APPROVED
4.9037564641281306e+17,DECLINED
2.1710518585810127e+18,DECLINED
1.8458839339863552e+18,APPROVED
1.15493856166293e+18,DECLINED
3.2944194096125875e+17,DECLINED
8.998713672202493e+17,DECLINED
7.92044840604159e+17,DECLINED
2.26872343313571e+18,DECLINED
1.0986022128776671e+18,APPROVED
1.177156935575926e+18,APPROVED
1.8612577535995287e+18,APPROVED
1.4945380996603343e+18,DECLINED
5.2370258339273395e+17,DECLINED
1.571001634169877e+18,DECLINED
1.7888006927685455e+18,DECLINED
3.4666479703534566e+17,DECLINED
1.937084546883132e+18,DECLINED
1.0378222198049833e+18,DECLINED
2.3012910666374684e+18,DECLINED
1.4805669438546074e+18,APPROVED
2.4327272568656794e+17,DECLINED
1.7632584524026194e+18,DECLINED
1.2828070596200248e+18,DECLINED
1.5301758177394294e+18,DECLINED
5.507433853038336e+17,DECLINED
8.210498887785298e+17,DECLINED
2.966361186214492e+17,DECLINED
1.8223374948573087e+18,DECLINED
1.4879531911962184e+18,DECLINED
7.635553488578063e+17,APPROVED
3.409576458645747e+17,APPROVED
2.821026583745513e+17,DECLINED
1.6994244217656097e+18,DECLINED
1.3014959619234924e+18,DECLINED
1.6520653240049283e+18,APPROVED
1.8774165713083292e+18,APPROVED
4.5069506703074534e+17,APPROVED
1.7681479523335347e+17,DECLINED
3.1910177164966426e+17,DECLINED
2.2482267609957194e+18,DECLINED
1.1397022510486615e+18,APPROVED
8.348227537815373e+17,DECLINED
1.6186996647485988e+18,DECLINED
4.361225766633485e+17,DECLINED
2.1810529370888906e+18,DECLINED
857021134797312.0,DECLINED
1.8915179852492782e+18,DECLINED
1.72566325308411e+18,DECLINED
1.2831721322756746e+18,DECLINED
1.544474222136287e+18,DECLINED
2.6293869043896448e+17,APPROVED
6.331861854621204e+17,DECLINED
2.0865643960157683e+18,DECLINED
1.5762134479643507e+18,DECLINED
1.8820252315132677e+18,DECLINED
8.739328909198538e+17,DECLINED
2.212635162893819e+17,APPROVED
1.3266790843525942e+18,DECLINED
6.320623119095483e+17,APPROVED
1.9507167247695805e+18,DECLINED
2.2804843302411643e+18,DECLINED
3.938549250816589e+17,DECLINED
9.203095403512538e+17,DECLINED
1.1747525033417574e+17,DECLINED
1.036472410508382e+18,APPROVED
1.8487653282270966e+18,DECLINED
1.8254263486108012e+18,DECLINED
5.0242357472870246e+17,DECLINED
1.3570073489351634e+18,DECLINED
8.347962264299686e+17,DECLINED
9.559339548837693e+17,DECLINED
1.2307255720270812e+18,DECLINED
1.9625720697781353e+18,DECLINED
2.0342978880640563e+18,DECLINED
3.267133263885422e+17,DECLINED
1.7021916374139814e+18,APPROVED
5.734373819421983e+17,DECLINED
6.6159389277762e+17,DECLINED
1.6295674506650586e+18,DECLINED
1.6323926210166093e+17,DECLINED
1.076494697697259e+18,DECLINED
2.0705010219199002e+18,APPROVED
2.713443819931287e+17,DECLINED
7.441376919148846e+17,DECLINED
1.1981400217545472e+18,DECLINED
1.3988222172316938e+18,DECLINED
1.5119744344874148e+18,DECLINED
1.8459943719439053e+17,DECLINED
1.9609540597274977e+18,DECLINED
2.127216098977625e+18,DECLINED
6.800049676227904e+17,DECLINED
3.851067132083927e+17,DECLINED
1.5897774285866624e+17,DECLINED
3.168415413846323e+16,DECLINED
1.8100116645117128e+18,DECLINED
5.976716683419848e+17,DECLINED
8.928520772421146e+17,DECLINED
1.9982843488942126e+18,DECLINED
7.754754243048937e+17,DECLINED
1.8466145840006088e+18,DECLINED
1.8012683830353385e+18,DECLINED
2.49772721279338e+17,DECLINED
3.279860408270771e+16,DECLINED
8.567984166891858e+17,DECLINED
1.6549998224530127e+18,DECLINED
9.98097286108554e+17,DECLINED
4.492446695869133e+16,DECLINED
9.843989272842322e+17,DECLINED
1.966719808645614e+18,DECLINED
8.173230247808397e+17,DECLINED
8.490399225495155e+17,DECLINED
1.8940595183271183e+18,DECLINED
1.4010981694781645e+18,DECLINED
7.005812829523699e+17,DECLINED
7.062852328287992e+17,DECLINED
2.5691801421971098e+17,DECLINED
2.0062259329639762e+18,APPROVED
9.233258172695596e+17,DECLINED
7.142224317448243e+16,DECLINED
2.1963136066293642e+18,DECLINED
1.208571457217584e+18,DECLINED
1.5009820266018332e+18,DECLINED
1.2757193457083026e+18,DECLINED
1.2252376804829645e+18,DECLINED
8.062680279171681e+17,DECLINED
1.772347727673671e+18,APPROVED
2.1317247262805094e+18,DECLINED
3.538227096094282e+17,DECLINED
1.8115474261018132e+18,DECLINED
1.3274260500696686e+18,APPROVED
1.905622912525993e+17,DECLINED
7.690770749164979e+17,APPROVED
1.0977170320919567e+18,DECLINED
1.4651851230757166e+18,DECLINED
3.9625523956020045e+17,DECLINED
1.0693029761772838e+18,DECLINED
1.498305882026238e+18,DECLINED
7.167170285192906e+17,DECLINED
1.7251876190380603e+18,DECLINED
1.3328764726376686e+18,DECLINED
9.6441691464785e+17,DECLINED
1.841417674085507e+18,DECLINED
6.194346122852836e+17,DECLINED
5.257992750828042e+17,DECLINED
1.2887707114339126e+18,DECLINED
8.212257637851092e+17,DECLINED
4.927454420052823e+17,DECLINED
4.560688811627341e+16,DECLINED
1.7146402479975337e+18,DECLINED
4.0700022541308774e+17,DECLINED
1.4816013263627758e+18,DECLINED
6.954165670477568e+16,DECLINED
8.099029274022684e+17,DECLINED
1.462689469657632e+18,APPROVED
9.19570627162933e+17,APPROVED
2.127859320083604e+18,APPROVED
2.252260302841609e+18,APPROVED
1.8924258379888233e+18,DECLINED
1.3269900497963827e+18,APPROVED
1.8015540384083156e+18,APPROVED
1.259772265555933e+18,DECLINED
9.890004220964618e+17,DECLINED
1.828813939571999e+18,DECLINED
3.652329386461791e+17,DECLINED
3.523912866319634e+17,DECLINED
3.038894597358497e+17,DECLINED
2.057914823131805e+18,APPROVED
7.772036406165312e+17,DECLINED
2.1011017692487772e+18,DECLINED
1.9309558518234606e+18,APPROVED
2.8417429285971814e+17,APPROVED
1.9981708554773647e+18,DECLINED
1.2279817804425208e+18,DECLINED
2.0833458330947717e+18,DECLINED
8.30050311857706e+17,DECLINED
1.3947266817368909e+17,DECLINED
2.2866877209438623e+18,APPROVED
2.0049948056332032e+18,DECLINED
1.0200469387784591e+18,APPROVED
1.0756946417335562e+18,DECLINED
1.5174686674010278e+18,APPROVED
6.170764515144282e+17,DECLINED
1.9796631632818721e+18,DECLINED
1.2929774596764874e+18,DECLINED
2.2037709406290593e+18,DECLINED
1.7896695746076303e+18,DECLINED
7.342810630076805e+17,DECLINED
1.46552196673632e+17,DECLINED
1.281474708788525e+18,DECLINED
8.411529398859484e+17,DECLINED
1.1381063263879562e+18,DECLINED
1.2640302695307254e+18,APPROVED
6.577327124434678e+17,DECLINED
2.4545950623210573e+17,DECLINED
6.489396858119616e+17,DECLINED
3.153557749409462e+17,DECLINED
1.4694163319248978e+18,DECLINED
1.2567387284129231e+18,DECLINED
1.563310685192601e+18,DECLINED
1.704988577667657e+18,DECLINED
2.09020428345291e+17,DECLINED
3.5613663076155085e+17,DECLINED
1.784751920489779e+18,APPROVED
1.1849313492291172e+18,DECLINED
1.3247875087488136e+18,DECLINED
7867629522096896.0,DECLINED
1.858904752691178e+18,DECLINED
1.178460360442869e+18,DECLINED
2.7350678499639808e+17,DECLINED
1.0176114525818204e+18,DECLINED
4.9764470753448934e+17,DECLINED
1.963914511341025e+18,DECLINED
1.855132190955579e+18,DECLINED
1.5502886093374733e+18,DECLINED
1.4793177132250043e+18,DECLINED
7.472035957672051e+17,DECLINED
1.9810830873453412e+18,DECLINED
4.060804775069929e+17,DECLINED
1.7041482563419955e+18,DECLINED
5.4938524155878554e+17,DECLINED
1.3544796462955548e+18,DECLINED
5.268570666028498e+17,DECLINED
2.0820715928732598e+18,DECLINED
6.82481135578783e+17,DECLINED
4.970189347941857e+17,APPROVED
6.139076471326751e+17,DECLINED
1.490033037702215e+18,DECLINED
1.5990301176877594e+17,DECLINED
5.498969509901901e+17,DECLINED
2.0622765672941908e+18,APPROVED
3.6582942954263424e+17,DECLINED
1.9844969032686295e+18,DECLINED
7.394515430997289e+17,DECLINED
1.5479567254641953e+18,DECLINED
1.7640930935037156e+18,DECLINED
1.117056149379809e+18,DECLINED
1.9720759942984243e+17,DECLINED
2.2821543204544064e+18,DECLINED
1.2538879440114714e+17,DECLINED
1.8246191312347999e+18,DECLINED
4.935896628287882e+17,DECLINED
2.3040710831832474e+17,DECLINED
7.03575390663756e+17,APPROVED
1.9797540624144837e+18,DECLINED
9.375300771194365e+17,DECLINED
4.9593559802894054e+17,DECLINED
1.6899855896458642e+18,DECLINED
9.241272173166702e+17,DECLINED
1.2149544202018988e+18,DECLINED
3.438373500016517e+17,DECLINED
5.620295562218007e+17,DECLINED
1.7465969867639864e+18,DECLINED
1.226662577175714e+18,APPROVED
2.8048519378281677e+17,APPROVED
2.0915833947324157e+18,DECLINED
1.4759685842268518e+18,APPROVED
1.882011670560005e+18,APPROVED
1.5769339943439956e+18,DECLINED
1.9130977625130854e+18,APPROVED
1.992694944696653e+18,DECLINED
1.759683535101741e+18,DECLINED
8.219646264863652e+17,DECLINED
2.527531696238894e+17,DECLINED
5.442051605786547e+16,DECLINED
1.3276069257696428e+18,DECLINED
2.068212342798203e+17,DECLINED
3.8521509778321e+17,APPROVED
6.929870394815782e+17,DECLINED
1.1227888218906803e+18,DECLINED
6.901484386230707e+17,APPROVED
4.445137839661504e+17,DECLINED
1.856787992891357e+18,DECLINED
1.6032992640633134e+18,DECLINED
3.9698641919385856e+17,DECLINED
5.428225728193403e+17,DECLINED
1.4248331216259418e+18,DECLINED
1.8812335729979464e+18,DECLINED
4.6678550271061146e+17,DECLINED
1.7380812495708457e+18,DECLINED
2.1367752657716915e+17,APPROVED
2.0589353242629645e+18,DECLINED
7.824885801836452e+17,APPROVED
2.0412665581918103e+18,DECLINED
6.39315082469854e+17,APPROVED
2.0609034659374024e+18,DECLINED
5.855005851671619e+17,DECLINED
1.492299949869673e+18,DECLINED
7.318540749253235e+17,DECLINED
2.2326315325836933e+18,DECLINED
4.436906454046111e+17,DECLINED
4.3137419008854554e+17,DECLINED
4.766853824253581e+17,DECLINED
1.5443237844276506e+18,DECLINED
4.9857473229427635e+17,DECLINED
1.1005928886173719e+18,APPROVED
1.1859139715099896e+18,APPROVED
6.157329391865398e+17,APPROVED
1.272425228723618e+18,DECLINED
2.001216581688045e+18,APPROVED
1.851318268518061e+18,DECLINED
1.3777892546271565e+18,DECLINED
6.494448930756065e+17,DECLINED
2.0312072889941734e+18,DECLINED
1.7725072333752023e+18,DECLINED
3.108964050063045e+17,DECLINED
1.2093405618387246e+18,DECLINED
7.977719553290245e+17,DECLINED
1.7085682043562783e+18,DECLINED
2.7221052080196506e+17,DECLINED
2.1426371460668795e+18,DECLINED
8.653420172316892e+17,DECLINED
7.368671513522299e+17,DECLINED
1.0559091428290732e+18,DECLINED
1.848235208807278e+17,DECLINED
2.146650523198149e+18,DECLINED
1.4228934347477573e+18,DECLINED
1.9702730808915953e+18,APPROVED
1.6878673974901222e+17,DECLINED
1.304506449674244e+18,DECLINED
1.976871076043996e+18,DECLINED
3.5455844435042355e+17,DECLINED
1.1524797389686569e+18,DECLINED
1.7532828827310408e+18,DECLINED
1.1049612411855662e+18,DECLINED
2.2809824592023355e+18,DECLINED
1.8027681730606264e+18,DECLINED
1.177303317553088e+17,DECLINED
1.1635301389933076e+18,DECLINED
1.761318816633476e+18,DECLINED
5.22085319672727e+16,DECLINED
1.319396657279286e+18,DECLINED
2.0707523625240922e+18,APPROVED
6.144869330724024e+17,DECLINED
9.27364179920083e+17,APPROVED
1.3004213669782024e+18,DECLINED
5.977223973981752e+17,DECLINED
1.5314585985108767e+18,DECLINED
1.5284615979754872e+18,DECLINED
1.3704287927364654e+18,DECLINED
3.001096044316324e+17,DECLINED
1.7079889670497024e+17,DECLINED
2.093402175343521e+18,DECLINED
2.908502768226867e+17,DECLINED
1.8022996624430346e+18,DECLINED
1.2977433853775939e+18,DECLINED
1.6904413815968622e+18,DECLINED
1.8578369946392934e+17,DECLINED
1.687578287146942e+18,DECLINED
1.178427720789401e+18,DECLINED
2.114202350846018e+18,DECLINED
2.1132850172755343e+18,APPROVED
2.260761980181374e+18,DECLINED
6.238238065641536e+17,DECLINED
3.801960677046661e+17,DECLINED
1.4504384404003218e+18,DECLINED
5.873980911547622e+17,APPROVED
1.0372244360067571e+18,DECLINED
1.9310925357882186e+18,DECLINED
2.1310243515927196e+18,DECLINED
6.70239270762472e+17,DECLINED
7.78721917501386e+17,DECLINED
9.508123959782784e+16,DECLINED
1.5506066840993108e+18,DECLINED
5.336653667477522e+17,DECLINED
2.0801979506699617e+18,DECLINED
6.200960921382664e+17,DECLINED
1.850045171650896e+18,APPROVED
1.2317734049652787e+18,DECLINED
1.7509918750428173e+18,DECLINED
1.0068876605471135e+18,DECLINED
2.5549819866077952e+17,DECLINED
1.3887072839013512e+18,DECLINED
2.2656946232241457e+18,APPROVED
9.102210121824253e+17,DECLINED
5.85503165677992e+17,DECLINED
1.2911262382083244e+18,DECLINED
1.0443692583384883e+17,DECLINED
1.0899668498647242e+18,DECLINED
4.665439278004621e+17,DECLINED
1.650922146938649e+18,DECLINED
8.570885753908234e+17,APPROVED
1.391136395364465e+18,DECLINED
1.2432932074967007e+18,DECLINED
1.48204501857635e+18,DECLINED
1.6075896798229568e+18,APPROVED
2.147236772330559e+18,DECLINED
2.1371599806786836e+18,APPROVED
1.8606212515255444e+18,DECLINED
1.6634145091444772e+18,DECLINED
2.15356062429056e+16,DECLINED
1.8150580554310164e+18,DECLINED
2.086538502532201e+17,DECLINED
1.9296816890030822e+18,DECLINED
1.9565622911465933e+18,DECLINED
1.38238841463968e+18,DECLINED
6.080880459096051e+17,DECLINED
2.8297150287017216e+17,DECLINED
1.0818008071255969e+18,DECLINED
1.4980665880158623e+18,DECLINED
2.1423839256440763e+18,DECLINED
1.3669928442052037e+18,DECLINED
7.726101551333187e+17,DECLINED
1.727294168102021e+18,DECLINED
2.1020167311943798e+18,DECLINED
1.2098258616403118e+18,DECLINED
1.7012616909150705e+18,APPROVED
1.8255431209635727e+18,DECLINED
1.204735648357248e+16,DECLINED
1.4133636282404626e+18,DECLINED
2.921526606234414e+17,APPROVED
1.6198228124619837e+18,DECLINED
7.57248310862657e+17,DECLINED
1.8032536681277814e+18,DECLINED
5.956228500444731e+17,DECLINED
1.6459925753315162e+18,DECLINED
2.282806818954049e+18,DECLINED
1.3041366918149358e+18,DECLINED
8.978292076642903e+17,DECLINED
2.167042478229382e+18,DECLINED
1.842334842146434e+18,DECLINED
2.5070190131155994e+17,DECLINED
1.7226105553646897e+18,DECLINED
288776999517952.0,DECLINED
6.228239511454958e+17,APPROVED
2.1944128020671598e+18,DECLINED
1.927589724275998e+18,DECLINED
9.367346277323167e+17,DECLINED
6.556911300932838e+16,DECLINED
1.0400507938621862e+18,DECLINED
6.578137929651364e+17,DECLINED
6.782582484990669e+16,DECLINED
1.7635445335488694e+18,DECLINED
2.0559961827405335e+18,DECLINED
1.1863951050694057e+18,DECLINED
3.711181732924882e+17,DECLINED
1.0427528942872796e+18,APPROVED
3564010415373824.0,DECLINED
7.529213464345434e+17,DECLINED
7.23271597447467e+17,DECLINED
1.6378915687202399e+18,DECLINED
9.719745932901092e+17,DECLINED
2.0324631484103468e+18,APPROVED
1.803378247644369e+18,DECLINED
7.751504193931615e+17,DECLINED
7.097445383090074e+16,DECLINED
6.179699622344061e+17,DECLINED
1.8770477537771182e+18,DECLINED
5.43530839664641e+17,DECLINED
8.54778195862293e+17,DECLINED
2.1913510579376845e+17,DECLINED
1.33022452774605e+18,DECLINED
1.7944057473162678e+18,DECLINED
2.2770365846422615e+18,DECLINED
2.3012732948382295e+18,DECLINED
2.1997989449271363e+18,DECLINED
1.0802923285622664e+18,DECLINED
1.3635261530857948e+18,DECLINED
1.8133261199506235e+18,DECLINED
2.1145164904078856e+18,DECLINED
1.535864076351274e+18,DECLINED
1.8924533093347901e+18,DECLINED
2.7105303521036928e+17,DECLINED
1.8487258181938048e+17,APPROVED
1.126422705415422e+18,DECLINED
1.1942793850793795e+18,DECLINED
3.409683389151442e+17,DECLINED
1.5336965472423265e+18,DECLINED
7.493882165082322e+17,DECLINED
4.588538341563187e+16,APPROVED
1.6214222618247987e+17,DECLINED
2.0170993941572818e+18,DECLINED
2.0520699630752154e+17,DECLINED
5.310069825991516e+17,DECLINED
3.133568720556183e+17,DECLINED
9.919553895413693e+17,DECLINED
2.1296398924989535e+18,DECLINED
2.276911035968384e+18,APPROVED
1.8323233403178944e+18,APPROVED
2.1684285926347935e+18,DECLINED
9.15949740354088e+17,DECLINED
1.2633713013184986e+18,APPROVED
7.519954125691361e+17,DECLINED
1.3369699052858217e+18,DECLINED
1.7382508663428902e+18,APPROVED
1.6667900363445133e+18,DECLINED
2.2604809383793165e+18,APPROVED
7.073897191967793e+17,DECLINED
1.3811359162817654e+18,DECLINED
9.184587735069632e+17,DECLINED
8.111246946022121e+17,DECLINED
1.5167927447696732e+18,DECLINED
1.5502931983627036e+18,APPROVED
8.873701639789512e+17,DECLINED
2.015068277789976e+18,DECLINED
1.7148689823602988e+18,APPROVED
5.837055980328827e+17,DECLINED
2.2275935604412227e+18,DECLINED
4.540927458730378e+17,DECLINED
1.023065647912533e+18,DECLINED
1.9703449675242248e+18,DECLINED
1.1221124024816133e+18,DECLINED
7.37626635486231e+17,APPROVED
1.044771900858901e+18,DECLINED
1.2663240527185252e+18,DECLINED
8.945854180673541e+17,APPROVED
2.2795218837711803e+18,DECLINED
1.2547956098654756e+18,DECLINED
1.0856952948783201e+18,DECLINED
1.1724259764341082e+18,DECLINED
1.8684032142777132e+18,DECLINED
1.7348045724046356e+18,APPROVED
1.4939128804860073e+18,DECLINED
4.0689148545515904e+17,APPROVED
4.47583795275095e+16,DECLINED
6.626367220901e+17,DECLINED
1.662666929183284e+18,DECLINED
2.0155367879247567e+18,DECLINED
5.478301820825498e+16,DECLINED
6.259179978420265e+17,DECLINED
3.2155476720221696e+17,DECLINED
2.156544720998144e+16,DECLINED
1.39326906212053e+18,DECLINED
1.154334435621545e+18,APPROVED
6.492166823862602e+17,APPROVED
2.199829180522725e+18,DECLINED
1.2743992102122575e+18,DECLINED
7.649642459806592e+17,APPROVED
7.927474779324178e+17,DECLINED
5.5867679496423706e+17,DECLINED
2.0800037064028444e+18,APPROVED
2.1696882485897994e+18,APPROVED
1.4679628864935078e+18,DECLINED
1.7230242823473876e+18,DECLINED
7.394458697682895e+17,DECLINED
1.2261033238718556e+18,DECLINED
2.0896051410324083e+18,APPROVED
1.2751470769632018e+18,APPROVED
1.7269774125352694e+18,DECLINED
2.153141915256526e+18,APPROVED
2.179042741811001e+18,DECLINED
1.1667910544128202e+18,DECLINED
2.278039044555054e+17,APPROVED
8.459574500013714e+17,APPROVED
1.1879554304947228e+18,DECLINED
1.0610589934128172e+18,DECLINED
1.3311891934948672e+18,APPROVED
3.244922261162363e+17,DECLINED
8.222615720720515e+17,DECLINED
8.580292338628221e+17,APPROVED
3.476464839505454e+17,DECLINED
1.8201769004617958e+18,DECLINED
1.2523459808413809e+18,DECLINED
1.0793440715276083e+18,DECLINED
1.6165101553841946e+18,APPROVED
1.9906858599689687e+18,DECLINED
8.523362270506708e+17,DECLINED
1.6986092602038815e+18,DECLINED
1.0452728982563395e+18,APPROVED
1.2803187921736317e+18,DECLINED
2.2926639385248463e+18,DECLINED
1.9299194592394028e+18,DECLINED
2.6683420352512384e+17,DECLINED
1.4290967558204749e+17,DECLINED
1.2219181928419374e+18,DECLINED
1.7718670586113208e+18,APPROVED
1.832574947553367e+17,DECLINED
3.14508956913621e+17,DECLINED
1.4843287557729075e+17,DECLINED
9.359160739702981e+17,DECLINED
1.6349566187292004e+18,DECLINED
4.040248731780905e+17,DECLINED
1.4159761779607885e+17,DECLINED
1.218810318409265e+18,DECLINED
1.4821929716151375e+18,DECLINED
4.324789653265221e+17,DECLINED
1.8713202959325064e+18,DECLINED
2.0219476869711693e+17,DECLINED
2.4854778396270848e+17,DECLINED
2.1513131243621996e+18,APPROVED
2.127815115132967e+18,DECLINED
1.7200745650061932e+18,APPROVED
1.869976623651629e+18,DECLINED
1.8265364375996027e+18,DECLINED
6.530570392529393e+17,DECLINED
9.620420971589914e+17,DECLINED
3.6443304244762214e+17,DECLINED
4.506136801110569e+17,DECLINED
2.1616296810563889e+18,DECLINED
1.0682237166996104e+18,DECLINED
2.1095565397328957e+18,DECLINED
4.79226642679488e+17,DECLINED
4.7967279775897395e+17,DECLINED
9.784344756142469e+17,DECLINED
1.572898768299009e+18,APPROVED
2.2179884289571855e+18,DECLINED
2.3607282517027123e+17,DECLINED
6.108332702845123e+17,DECLINED
1.8632521353739443e+17,DECLINED
7.576890718162156e+17,DECLINED
1.712135891905419e+18,DECLINED
5.332222933180887e+17,DECLINED
1.746190199741824e+18,DECLINED
2.159816588252416e+17,DECLINED
3.304102688534195e+16,DECLINED
1.8023639024893376e+18,DECLINED
2.1635685690821102e+18,DECLINED
2.5864744509711744e+17,DECLINED
1.2516876615718966e+18,DECLINED
1.45084823606613e+17,APPROVED
1.3568126413612035e+18,DECLINED
2.299047867319583e+18,DECLINED
3.11673160956074e+17,DECLINED
1.0917846702754527e+18,DECLINED
1.9165087347967222e+18,DECLINED
6.36810313409374e+17,APPROVED
1.6378494104125688e+18,DECLINED
1.0271559280449864e+18,DECLINED
2.0359368976177912e+18,DECLINED
2.2820284575566595e+18,DECLINED
2.0433978899516012e+18,DECLINED
1.4617582921145009e+18,DECLINED
1.3208689665370527e+18,DECLINED
1.0802657761326551e+18,DECLINED
5.865954252784955e+17,DECLINED
1.5846454146888225e+18,DECLINED
1.0313025851965499e+18,DECLINED
1.2923350799978368e+17,DECLINED
1.4556692037838277e+18,DECLINED
1.8789734931997453e+18,APPROVED
1.9831143464017234e+18,APPROVED
1.6244570793447946e+18,APPROVED
6.921282836628198e+17,DECLINED
2.2022424170617185e+18,DECLINED
2.5837590108597504e+17,DECLINED
2.6431558795873024e+16,DECLINED
1.555609903850447e+18,DECLINED
8.731911320428285e+17,DECLINED
1.7503026306953364e+18,DECLINED
2.0246970278288612e+18,DECLINED
1.5837318660696215e+18,DECLINED
2080764138935552.0,DECLINED
4.395315814802693e+17,DECLINED
7.450784455542328e+17,DECLINED
5.624647941936256e+17,DECLINED
4.196845130958986e+17,APPROVED
1.288371982603328e+17,DECLINED
1.4446273470164431e+18,DECLINED
1.129725858876203e+18,DECLINED
4.854957515700933e+17,DECLINED
9.275782126304251e+17,DECLINED
1.4354843555194614e+18,DECLINED
2.1826761211848253e+18,APPROVED
1.722384032307158e+18,DECLINED
3.877821719305446e+16,APPROVED
9.073611776281498e+16,DECLINED
9.840244557647936e+17,DECLINED
8.30158226045418e+17,DECLINED
8.141880083065057e+17,DECLINED
4.2502794285748685e+17,DECLINED
3.8782673414206566e+17,DECLINED
1.8414088650293962e+18,DECLINED
1.6468475580787574e+18,DECLINED
1.3541103284319547e+18,DECLINED
1.121927295213834e+18,DECLINED
2.2221991152629903e+18,DECLINED
1.3783531484309458e+18,DECLINED
8.634011435778668e+17,DECLINED
9.779985904931203e+17,APPROVED
1.1565833907101565e+18,DECLINED
1.6638708428217777e+18,DECLINED
1.768364695451576e+18,DECLINED
5.5703066049680384e+17,DECLINED
1.4989011729359616e+17,DECLINED
1.5299630280001846e+18,DECLINED
3.244566557281272e+17,DECLINED
8.522405554297876e+17,DECLINED
9.036859694568387e+17,DECLINED
2.0212548215863012e+18,DECLINED
1.0929534031679585e+18,DECLINED
6.167503187853975e+17,APPROVED
1.8157171138601782e+18,DECLINED
1.3405431621816873e+18,DECLINED
8.091435894391114e+17,DECLINED
7.90963125284641e+17,DECLINED
6.210800657035901e+17,DECLINED
2.1501698422383386e+18,DECLINED
1.9785886423511613e+18,APPROVED
1.5399972904666412e+18,DECLINED
1.314100178809451e+18,DECLINED
2.236035017640993e+18,APPROVED
9.849746068447992e+17,DECLINED
1.2475916135957993e+18,DECLINED
1.2600180887395249e+18,DECLINED
1.8258265126747087e+18,DECLINED
1.8690305105876797e+18,DECLINED
4.293828965266291e+17,DECLINED
2.969319012381348e+17,DECLINED
6.156805460501389e+17,DECLINED
1.806406648034816e+18,DECLINED
1.475775219071959e+18,DECLINED
5.601726311699538e+17,DECLINED
2.0644469850601062e+17,APPROVED
1.5958623605598794e+18,DECLINED
8.798897497200177e+17,DECLINED
2.429094564437202e+17,APPROVED
1.3872564270076186e+17,DECLINED
1.6803212006530726e+18,DECLINED
